{"loss": [0.011126901023089886, 0.00027562060859054327, 0.0001192311174236238, 0.0004519304202403873, 0.00010680856212275103, 5.401887756306678e-05, 0.0001024808079819195, 0.0001079595458577387, 7.321190787479281e-05, 6.0098725953139365e-05, 4.820336107513867e-05, 0.03542764484882355, 0.007911846041679382, 0.0009830226190388203, 0.00022920389892533422, 0.00011560722487047315, 0.00013294073869474232, 0.00023995044466573745, 0.00025987319531850517, 6.0271013353485614e-05, 4.400527905090712e-05, 4.372325201984495e-05, 3.988404932897538e-05, 0.00010387644579168409, 0.0021815430372953415, 0.0013131373561918736, 9.19990852707997e-05, 5.188427530811168e-05, 4.096904012840241e-05, 7.916092727100477e-05, 5.525761662283912e-05, 3.279421434854157e-05, 3.0643124773632735e-05, 3.5554236092139035e-05, 3.075676431762986e-05, 3.524060593917966e-05, 0.0015098588773980737, 0.00084018858615309, 8.024353155633435e-05, 4.587877992889844e-05, 3.333180575282313e-05, 3.000739343406167e-05, 2.9735254429397173e-05, 3.6025252484250814e-05, 2.6866086045629345e-05, 3.048769212909974e-05, 7.464274676749483e-05, 0.0012761165853589773, 5.957240136922337e-05, 4.20351316279266e-05, 6.405663589248434e-05, 3.876673144986853e-05, 2.884207970055286e-05, 3.441952867433429e-05, 2.9372431527008303e-05, 2.7533773391041905e-05, 2.6112820705748163e-05, 2.8615912015084177e-05, 2.7929092539125122e-05, 2.6704034098656848e-05, 2.6120598704437725e-05, 3.133126301690936e-05, 2.5341129003209062e-05, 2.2882608391228132e-05, 2.4185785150621086e-05, 2.4283723178086802e-05, 2.2814809199189767e-05, 2.6688612706493586e-05, 0.0003245831176172942, 0.0008944793371483684, 4.138053554925136e-05, 3.116959487670101e-05, 2.9974955396028236e-05, 2.539820343372412e-05, 2.793155363178812e-05, 2.507655335648451e-05, 2.6820989660336636e-05, 2.6557563614915125e-05, 2.5010022000060417e-05, 2.715049049584195e-05, 2.3066912035574205e-05, 2.707837484194897e-05, 2.4858258257154375e-05, 2.345048778806813e-05, 3.277774158050306e-05, 0.0008977182442322373, 5.4265874496195465e-05, 3.5347136872587726e-05, 2.9191336579970084e-05, 2.64700865955092e-05, 2.5257122615585104e-05, 2.5348270355607383e-05, 2.4190643671317957e-05, 2.4049400963122025e-05, 2.4433993530692533e-05, 2.6224864996038377e-05, 2.5925666705006734e-05, 2.5933850338333286e-05, 2.3209406208479777e-05, 2.6053154215333052e-05], "mae": [0.0571286641061306, 0.010661152191460133, 0.006493001710623503, 0.011281352490186691, 0.006141382735222578, 0.004016085062175989, 0.005834704264998436, 0.005945728626102209, 0.0046615321189165115, 0.004057666752487421, 0.0032786859665066004, 0.11896111071109772, 0.062412455677986145, 0.02084878645837307, 0.00914501678198576, 0.006074144039303064, 0.006127041298896074, 0.007598949130624533, 0.007362131029367447, 0.0038249599747359753, 0.0029701003804802895, 0.002826014067977667, 0.0025643599219620228, 0.004852116107940674, 0.017520595341920853, 0.01881617121398449, 0.005052728112787008, 0.003456827951595187, 0.002910492941737175, 0.0035812128335237503, 0.003388660028576851, 0.002112738089635968, 0.001979822525754571, 0.002244590548798442, 0.001970808720216155, 0.0021179409231990576, 0.014757984317839146, 0.011879726313054562, 0.004967864602804184, 0.0032166463788598776, 0.0023681470192968845, 0.0020873076282441616, 0.001968255965039134, 0.002395262708887458, 0.0016739396378397942, 0.0019005803624168038, 0.003464141394942999, 0.013097468763589859, 0.003594850655645132, 0.002763147000223398, 0.003348124213516712, 0.002434269292280078, 0.001891624298878014, 0.002074100775644183, 0.0018008070765063167, 0.001675985986366868, 0.0015898968558758497, 0.0017019531223922968, 0.0016217001248151064, 0.0015666068065911531, 0.0014579774579033256, 0.001754258992150426, 0.0012288799043744802, 0.001109114266000688, 0.0012613714206963778, 0.0012509077787399292, 0.001115670194849372, 0.0014450092567130923, 0.00538749760016799, 0.009747873991727829, 0.002547504613175988, 0.001993124606087804, 0.001838500495068729, 0.001471538795158267, 0.0016492822906002402, 0.0014172797091305256, 0.0015786279691383243, 0.00154787243809551, 0.0013568660942837596, 0.0015691793523728848, 0.0011565859895199537, 0.0015077036805450916, 0.0012949362862855196, 0.0012043328024446964, 0.0018515601987019181, 0.010727201588451862, 0.003222457831725478, 0.002054335316643119, 0.0017495264764875174, 0.0015500501031056046, 0.0014089882606640458, 0.001433726167306304, 0.001317565212957561, 0.0013482739450410008, 0.0013025602092966437, 0.0014881985262036324, 0.0014187698252499104, 0.0014851470477879047, 0.001209202571772039, 0.0013330719666555524], "val_loss": [0.0003253575705457479, 0.0001235373056260869, 0.00039488376933149993, 8.958819671534002e-05, 8.818057540338486e-05, 5.478918319568038e-05, 0.00010282371658831835, 0.00010477947216713801, 6.513885455206037e-05, 5.431025419966318e-05, 7.164906128309667e-05, 0.02783391810953617, 0.002798579167574644, 0.00018020773131866008, 0.0001332079409621656, 9.071012027561665e-05, 0.0001787779328878969, 0.0006289244629442692, 7.8652570664417e-05, 7.364011980826035e-05, 5.655099812429398e-05, 9.636211325414479e-05, 9.400181443197653e-05, 0.00035624566953629255, 0.06752413511276245, 0.0002565675531513989, 6.945947825443e-05, 7.392845145659521e-05, 6.044208203093149e-05, 0.0002784132957458496, 5.5505919590359554e-05, 6.967118679312989e-05, 8.449848246527836e-05, 5.632291140500456e-05, 5.011143002775498e-05, 5.353245433070697e-05, 0.002745501697063446, 0.00019453400454949588, 9.430709906155244e-05, 7.183065463323146e-05, 7.635455403942615e-05, 7.388822268694639e-05, 7.134598854463547e-05, 5.8441946748644114e-05, 7.230247865663841e-05, 9.916425187839195e-05, 0.0003293021582067013, 0.00010579756781226024, 5.4473988711833954e-05, 7.802024629199877e-05, 7.09596206434071e-05, 5.390952719608322e-05, 5.0687973271124065e-05, 5.597496419795789e-05, 4.8348327254643664e-05, 4.887201794190332e-05, 5.0055292376782745e-05, 4.78920919704251e-05, 7.030527194729075e-05, 4.720647484646179e-05, 4.912036456516944e-05, 4.716363764600828e-05, 5.1206836360506713e-05, 4.744169564219192e-05, 4.693838127423078e-05, 5.523238723981194e-05, 4.942268060403876e-05, 4.859325417783111e-05, 0.0030129393562674522, 6.380184640875086e-05, 5.350141873350367e-05, 5.170736039872281e-05, 5.430848977994174e-05, 4.953616371494718e-05, 5.2045987104065716e-05, 5.7738412579055876e-05, 4.98115477967076e-05, 5.052335109212436e-05, 5.002185935154557e-05, 6.079600643715821e-05, 4.745842670672573e-05, 4.733472451334819e-05, 5.1464106945786625e-05, 4.856639134231955e-05, 7.797306898282841e-05, 0.0003719160449691117, 7.056751201162115e-05, 6.020233195158653e-05, 6.593100988538936e-05, 6.35138712823391e-05, 4.9026475608116016e-05, 5.151222285348922e-05, 4.959994475939311e-05, 4.989645822206512e-05, 4.827208613278344e-05, 5.148580021341331e-05, 5.67394781683106e-05, 4.8355770559282973e-05, 5.023790436098352e-05, 4.810867176274769e-05],