{"loss": [0.005939268972724676], "mae": [0.04238225519657135], "val_loss": [0.01679356023669243], "val_mae": [0.09425920993089676]}