{"loss": [0.007153171114623547], "mae": [0.043665673583745956], "val_loss": [0.007919169962406158], "val_mae": [0.06685468554496765]}