{"loss": [0.008687334135174751], "mae": [0.05240066349506378], "val_loss": [0.04270772263407707], "val_mae": [0.15306109189987183]}