{"loss": [0.007069763261824846], "mae": [0.04415459558367729], "val_loss": [0.0039025810547173023], "val_mae": [0.03979075700044632]}