{"loss": [0.11066339164972305, 0.10987560451030731, 0.1071617379784584, 0.09707283228635788, 0.050503361970186234, 0.01173681952059269, 0.008677340112626553, 0.007098189555108547, 0.006622029468417168, 0.006346825510263443, 0.004382269456982613, 0.005084244534373283, 0.004699281882494688, 0.004683150444179773, 0.003846182255074382, 0.00363341742195189, 0.003169831819832325, 0.004234813153743744, 0.0027086767368018627, 0.0024163201451301575, 0.0027692746371030807, 0.0036988176871091127, 0.0020283276680856943, 0.0020620638970285654, 0.0019526337273418903, 0.0017710467800498009, 0.001946203992702067, 0.0016718469560146332, 0.0016929357079789042, 0.0013228203170001507, 0.0018445730675011873, 0.0015233332524076104, 0.0013241763226687908, 0.0011690835235640407, 0.0010743398452177644, 0.0010025168303400278, 0.0018125168280676007, 0.001483118161559105, 0.0012044751783832908, 0.0010568781290203333, 0.0011230622185394168, 0.0012114067794755101, 0.0010208595776930451, 0.0015167491510510445, 0.0008014325867407024, 0.0007765655755065382, 0.001240599318407476, 0.0009421845315955579, 0.0011671144748106599, 0.0009447834454476833], "mae": [0.28830692172050476, 0.2879622280597687, 0.2829042375087738, 0.26543310284614563, 0.1802627593278885, 0.09124817699193954, 0.07727818191051483, 0.07095053046941757, 0.06940104812383652, 0.06722579151391983, 0.056923508644104004, 0.0611887164413929, 0.05830216780304909, 0.05826228857040405, 0.05352170020341873, 0.0517192967236042, 0.04844272881746292, 0.0562145821750164, 0.04478919506072998, 0.04252314940094948, 0.04555082321166992, 0.05261481553316116, 0.03889603540301323, 0.03924459591507912, 0.0381847582757473, 0.03615846484899521, 0.03818656876683235, 0.03539944812655449, 0.035250961780548096, 0.030796146020293236, 0.03588522970676422, 0.03302586078643799, 0.030541514977812767, 0.02872582897543907, 0.027295999228954315, 0.02639734372496605, 0.03554409369826317, 0.03250167891383171, 0.028854718431830406, 0.02753838524222374, 0.02782975509762764, 0.029681019484996796, 0.026668889448046684, 0.03150893747806549, 0.023063382133841515, 0.02246297523379326, 0.028961671516299248, 0.024908002465963364, 0.028595004230737686, 0.025040550157427788], "val_loss": [0.11064150929450989, 0.10994251072406769, 0.10425218939781189, 0.0808355063199997, 0.01001821830868721, 0.006727029103785753, 0.010672037489712238, 0.007081165444105864, 0.005599658004939556, 0.005433492362499237, 0.0050471448339521885, 0.004274352919310331, 0.00803492870181799, 0.00534933153539896, 0.0036457895766943693, 0.003662901697680354, 0.0032631042413413525, 0.003098223125562072, 0.0028855791315436363, 0.0020693785045295954, 0.002153353998437524, 0.0031028264202177525, 0.001766124740242958, 0.002649131929501891, 0.0014852609019726515, 0.001471001305617392, 0.002374146366491914, 0.0018008186016231775, 0.0012296672211959958, 0.0010608911979943514, 0.001103825867176056, 0.0017452616011723876, 0.000951308524236083, 0.0010395385324954987, 0.0008485453436151147, 0.001038488931953907, 0.001405963208526373, 0.0013578810030594468, 0.0009285005507990718, 0.0007363354088738561, 0.001742345280945301, 0.0013804561458528042, 0.0007321833982132375, 0.0007807554211467505, 0.0006708652363158762, 0.0006146671948954463, 0.00220306939445436, 0.0010006981901824474, 0.0028069298714399338, 0.0007560407975688577], "val_mae": [0.2900370657444, 0.2878654897212982, 0.2712807357311249, 0.23659923672676086, 0.08770380169153214, 0.07139937579631805, 0.0885758325457573, 0.07454314082860947, 0.06283684074878693, 0.06248387694358826, 0.06411982327699661, 0.058970797806978226, 0.08105193823575974, 0.06640107184648514, 0.05179474130272865, 0.054382339119911194, 0.05121573805809021, 0.04745124280452728, 0.046479731798172, 0.03882056847214699, 0.04091726616024971, 0.04861889034509659, 0.03587590157985687, 0.04553062096238136, 0.031985923647880554, 0.03271535411477089, 0.044363267719745636, 0.03758236765861511, 0.0296845193952322, 0.027151182293891907, 0.02740456722676754, 0.037175264209508896, 0.024937355890870094, 0.02752022258937359, 0.024195795878767967, 0.02800792269408703, 0.03367215394973755, 0.032807011157274246, 0.026204025372862816, 0.021761726588010788, 0.03664074093103409, 0.03334217518568039, 0.021110478788614273, 0.0229526087641716, 0.020313022658228874, 0.02016289159655571, 0.04109620675444603, 0.02708248794078827, 0.04701651260256767, 0.022608516737818718]}