{"loss": [0.0077845314517617226, 0.0003372669452801347, 9.762455010786653e-05, 0.0001028222541208379, 5.107245306135155e-05, 3.683337854454294e-05, 3.7041583709651604e-05, 0.011071035638451576, 0.0008522834395989776, 0.00018914254906121641, 0.00012917580897919834, 0.00018756823556032032, 6.756055518053472e-05, 5.6399334425805137e-05, 9.2467395006679e-05, 8.269737008959055e-05, 0.0010079724015668035, 0.0004600313550326973, 0.00010912564175669104, 5.513154246727936e-05, 7.400389586109668e-05, 4.6671244490426034e-05, 4.119695950066671e-05, 4.1107759898295626e-05, 0.0007444719667546451, 0.00010419856698717922, 4.9854923418024555e-05, 3.1389648938784376e-05, 2.9290673410287127e-05, 2.8274997021071613e-05, 2.7709307687473483e-05, 2.7159665478393435e-05, 2.6884754333877936e-05, 0.0025349806528538465, 0.00017812062287703156, 7.52377527533099e-05, 5.4435986385215074e-05, 4.537050335784443e-05, 3.9626007492188364e-05, 3.7017391150584444e-05, 4.413482020027004e-05, 3.1898242013994604e-05, 4.131318200961687e-05, 0.0003577382885850966, 0.00010142075916519389, 3.141761408187449e-05, 2.7114363547298126e-05, 2.579039392003324e-05, 2.50834218604723e-05, 2.460344330756925e-05, 2.500589471310377e-05, 2.4901260985643603e-05, 2.419633892714046e-05, 2.588236384326592e-05, 0.0005238441517576575, 0.00015135433932300657, 2.659691745066084e-05, 2.5756791728781536e-05, 2.4287475753226317e-05, 2.3639038772671483e-05, 2.2910366169526242e-05, 2.2790247385273688e-05, 2.3702235921518877e-05, 2.264912473037839e-05, 2.4148957891156897e-05, 2.9339033062569797e-05, 2.299263906024862e-05, 2.172568201785907e-05, 2.1670932255801745e-05, 2.0881938326056115e-05, 2.167107777495403e-05, 2.191464045608882e-05, 2.3223092284752056e-05, 2.082983155560214e-05, 2.080758349620737e-05, 2.086875247186981e-05, 2.2507931134896353e-05, 2.113227492372971e-05, 2.0940413378411904e-05, 0.000631639501079917, 3.038375507458113e-05, 2.4530123482691124e-05, 2.2303689547698013e-05, 2.1849073164048605e-05, 2.1400683181127533e-05, 2.0910121747874655e-05, 2.1286738046910614e-05, 2.079534715448972e-05, 2.050184593826998e-05, 2.0479234080994502e-05, 2.1091393136885017e-05, 2.0365181626402773e-05, 2.325249442947097e-05, 2.0522677004919387e-05, 2.1606110749416985e-05, 2.024034984060563e-05, 2.006972317758482e-05, 2.0246363419573754e-05, 2.1084857507958077e-05, 2.06504701054655e-05], "mae": [0.046173229813575745, 0.010055708698928356, 0.005288930144160986, 0.004800456576049328, 0.003487245412543416, 0.0025919820182025433, 0.002517388667911291, 0.06173195317387581, 0.01671546883881092, 0.00814290065318346, 0.006294294260442257, 0.0071302857249975204, 0.004144357051700354, 0.0037036326248198748, 0.0043533374555408955, 0.00454972218722105, 0.013378053903579712, 0.010537167079746723, 0.0052758632227778435, 0.003273783251643181, 0.003564516780897975, 0.00280715967528522, 0.002402795245870948, 0.0020921933464705944, 0.012294978834688663, 0.004993762820959091, 0.0028135094325989485, 0.001788612804375589, 0.001487454050220549, 0.0013279435224831104, 0.001291894936002791, 0.0012298327637836337, 0.0011832156451418996, 0.019128311425447464, 0.008473118767142296, 0.005242288112640381, 0.004079446662217379, 0.0035096174106001854, 0.0031400432344526052, 0.0029029396828264, 0.003165565663948655, 0.0024844424333423376, 0.002932304283604026, 0.006491541862487793, 0.0045470744371414185, 0.0019779978320002556, 0.0014338658656924963, 0.001183258485980332, 0.0010849800892174244, 0.0009603358339518309, 0.0010165184503421187, 0.0010818408336490393, 0.0009920817101374269, 0.0011992095969617367, 0.00745497876778245, 0.004770881030708551, 0.0014665480703115463, 0.0013534764293581247, 0.0012137021403759718, 0.0010785908671095967, 0.0009277964709326625, 0.001008609659038484, 0.0010692733339965343, 0.0009966542711481452, 0.0011484624119475484, 0.001443476416170597, 0.0010325091425329447, 0.0008832146995700896, 0.0008822417003102601, 0.0007146424031816423, 0.0008486719452776015, 0.0010500183561816812, 0.0010294107487425208, 0.0007508714916184545, 0.0007672183564864099, 0.0008537686662748456, 0.0009436833788640797, 0.0009653084562160075, 0.0008213289547711611, 0.008150923997163773, 0.0019285817397758365, 0.0013497351901605725, 0.0010229540057480335, 0.0009517936268821359, 0.0008570747449994087, 0.0007553343311883509, 0.0008431142778135836, 0.0007589820888824761, 0.0006727532600052655, 0.0006856980617158115, 0.0008609758224338293, 0.0006285078707151115, 0.0011637918651103973, 0.0007056165486574173, 0.0008319121552631259, 0.0006330918986350298, 0.0005617543356493115, 0.0006141641642898321, 0.0007285599713213742, 0.0007101103547029197], "val_loss": [0.005604381673038006, 0.00039425038266927004, 8.333056757692248e-05, 7.490262942155823e-05, 6.148244574433193e-05, 5.343867087503895e-05, 5.579999924520962e-05, 0.3782317042350769, 0.1635487675666809, 0.06670908629894257, 0.009134254418313503, 0.0014702348271384835, 7.136380736483261e-05, 7.591685425722972e-05, 0.00017457458307035267, 5.046671140007675e-05, 0.35700052976608276, 0.031035352498292923, 0.0008954402292147279, 0.00010813912376761436, 6.835511157987639e-05, 4.9430891522206366e-05, 4.8431575123686343e-05, 6.628393748542294e-05, 0.15543556213378906, 0.01538569014519453, 0.0038118353113532066, 8.882237307261676e-05, 4.9029076762963086e-05, 4.734968752018176e-05, 5.091729326522909e-05, 4.696519681601785e-05, 5.275726653053425e-05, 0.33949920535087585, 0.2906254231929779, 0.005411067977547646, 0.00015534799604211003, 0.00028050047694705427, 9.836223034653813e-05, 6.931053940206766e-05, 5.5169814004329965e-05, 5.7525008742231876e-05, 5.2941431931685656e-05, 0.03681341931223869, 0.004409917630255222, 0.0009250216535292566, 0.00016721234715078026, 5.433587284642272e-05, 4.857868771068752e-05, 4.647924652090296e-05, 4.8401012463727966e-05, 4.7346315113827586e-05, 4.696819087257609e-05, 4.639634062186815e-05, 0.22600309550762177, 0.004219902213662863, 0.00026489526499062777, 5.744936424889602e-05, 4.6715900680283085e-05, 4.709999484475702e-05, 4.999609518563375e-05, 4.624664506991394e-05, 4.677658580476418e-05, 4.667942994274199e-05, 5.0926359108416364e-05, 4.610984615283087e-05, 4.5880235120421275e-05, 4.6125187509460375e-05, 4.607967275660485e-05, 4.6521035983460024e-05, 4.596479993779212e-05, 4.6803965233266354e-05, 4.6740569814573973e-05, 4.584202542901039e-05, 4.701961370301433e-05, 4.5987439079908654e-05, 4.792325489688665e-05, 4.619532046490349e-05, 4.603368870448321e-05, 0.002691367408260703, 0.00020660940208472311, 7.247213943628594e-05, 5.318321200320497e-05, 4.9270951421931386e-05, 4.783457552548498e-05, 4.7019631892908365e-05, 4.702947990153916e-05, 4.680951315094717e-05, 4.624716893886216e-05, 4.630478360923007e-05, 4.68874532089103e-05, 4.798461668542586e-05, 4.6658009523525834e-05, 0.00011525424633873627, 4.617745798896067e-05, 4.59385737485718e-05, 4.598574378178455e-05, 4.619900573743507e-05, 4.690249261329882e-05, 4.5855504140490666e-05],