{"loss": [0.004027661867439747, 0.0001821938349166885, 0.00018059097055811435, 6.706372369080782e-05, 5.288865577313118e-05, 5.405957199400291e-05, 3.666583506856114e-05, 5.2652088925242424e-05, 0.0054971277713775635, 0.0002395768096903339, 0.00013956388283986598, 7.530527363996953e-05, 4.852843630942516e-05, 6.0693051636917517e-05, 4.4040672946721315e-05, 3.55237971234601e-05, 3.323874625493772e-05, 3.326372825540602e-05, 5.857721043867059e-05, 2.743777076830156e-05, 2.930921436927747e-05, 0.0051557449623942375, 0.00027442071586847305, 0.00010301412839908153, 6.870322249596938e-05, 5.2810726629104465e-05, 4.559043372864835e-05, 6.112527626100928e-05, 6.324866990325972e-05, 3.982813359471038e-05, 3.2317766454070807e-05, 0.0001224273582920432, 3.882239252561703e-05, 3.67868306057062e-05, 0.0005626342608593404, 4.311675365897827e-05, 2.6565841835690662e-05, 2.9703276595682837e-05, 2.6727502699941397e-05, 2.490450242476072e-05, 2.393006070633419e-05, 2.5113828087341972e-05, 2.6295265342923813e-05, 2.5736204406712204e-05, 2.833753933373373e-05, 0.0017377986805513501, 0.00013159213995095342, 4.3780186388175935e-05, 3.124516661046073e-05, 3.486459900159389e-05, 2.6817753678187728e-05, 2.6823427106137387e-05, 2.59450407611439e-05, 5.2901596063748e-05, 0.00042591479723341763, 4.4712931412504986e-05, 2.8142063456471078e-05, 2.6992842322215438e-05, 2.623347427288536e-05, 2.6344827347202227e-05, 2.7635924197966233e-05, 2.48552441917127e-05, 2.6154039005632512e-05, 3.887233469868079e-05, 2.354047137487214e-05, 2.2292875655693933e-05, 2.355828655709047e-05, 2.243857852590736e-05, 2.261223016830627e-05, 2.9468314096448012e-05, 2.1344265405787155e-05, 0.0010967133566737175, 0.00014600632130168378, 4.200174589641392e-05, 3.7368754419730976e-05, 2.991871406266e-05, 2.7660955311148427e-05, 2.7986076020170003e-05, 2.70679247478256e-05, 2.4694238163647242e-05, 2.4316566850757226e-05, 2.3352755306405015e-05, 2.402354402875062e-05, 2.5278961402364075e-05, 2.5817853384069167e-05, 2.2541358703165315e-05, 2.308988041477278e-05, 2.277031853736844e-05, 2.3748782041366212e-05, 2.7102178137283772e-05, 2.2276752133620903e-05, 2.167218190152198e-05, 2.3950720787979662e-05, 0.001139537082053721, 8.152118243742734e-05, 4.604742207447998e-05, 3.971762998844497e-05, 3.481078238110058e-05, 3.433041274547577e-05, 0.0001120693632401526], "mae": [0.03444316238164902, 0.008438192307949066, 0.008217930793762207, 0.004357496276497841, 0.003933307249099016, 0.0036987620405852795, 0.002814587904140353, 0.003482133150100708, 0.032483700662851334, 0.008116301149129868, 0.00597847206518054, 0.00426121661439538, 0.003115833504125476, 0.003722210880368948, 0.003217177465558052, 0.0025942970532923937, 0.0025111755821853876, 0.002437097020447254, 0.0038897148333489895, 0.0018582751508802176, 0.002018668921664357, 0.027905182912945747, 0.00993339903652668, 0.006086677312850952, 0.00469001242890954, 0.0038386520463973284, 0.0034349514171481133, 0.003679396817460656, 0.0039190128445625305, 0.002903546206653118, 0.002367438282817602, 0.0047281221486628056, 0.0026726468931883574, 0.002006192458793521, 0.010145729407668114, 0.002859381027519703, 0.0017730850959196687, 0.0019350707298144698, 0.001748599112033844, 0.0015375460498034954, 0.0014172865776345134, 0.0015691311564296484, 0.0017177510308101773, 0.0016473218565806746, 0.001585025922395289, 0.015241152606904507, 0.004819908179342747, 0.002829313976690173, 0.0022011268883943558, 0.0023864377290010452, 0.0018294117180630565, 0.0017440408701077104, 0.0016398081788793206, 0.001914619468152523, 0.007809615693986416, 0.0026985183358192444, 0.0016688087489455938, 0.001515209791250527, 0.0014968127943575382, 0.0014697875594720244, 0.0015710358275100589, 0.0013613314367830753, 0.0014081618282943964, 0.001899993047118187, 0.0012246184051036835, 0.0010229878826066852, 0.0012322852853685617, 0.0010691460920497775, 0.0010566972196102142, 0.001517946831882, 0.0008820257498882711, 0.01221384946256876, 0.005337959621101618, 0.0026718289591372013, 0.0022805877961218357, 0.001888343016617, 0.0016601933166384697, 0.0017021038802340627, 0.0015760866226628423, 0.001385701121762395, 0.0013266459573060274, 0.0011911793844774365, 0.0012825382873415947, 0.0014082654379308224, 0.001386307762004435, 0.0010785007616505027, 0.0011295658769086003, 0.0011070937616750598, 0.0011875989148393273, 0.0015004111919552088, 0.0010231181513518095, 0.0008959454135037959, 0.001201941748149693, 0.015405573882162571, 0.0045676506124436855, 0.003095244988799095, 0.0025689799804240465, 0.002394590526819229, 0.0021711441222578287, 0.003905841149389744], "val_loss": [0.00020524789579212666, 0.00015541314496658742, 7.559105142718181e-05, 0.00013059705088380724, 7.636148802703246e-05, 9.092132677324116e-05, 5.113630322739482e-05, 6.537268200190738e-05, 0.0001665237796260044, 0.00013630278408527374, 0.00011542558058863506, 5.678533489117399e-05, 6.0290400142548606e-05, 8.995109237730503e-05, 5.603605313808657e-05, 5.040821633883752e-05, 5.1625462219817564e-05, 5.0651684432523325e-05, 4.9625756219029427e-05, 5.763258013757877e-05, 5.293228241498582e-05, 0.001538691925816238, 9.379256516695023e-05, 7.223891589092091e-05, 6.475298869190738e-05, 5.580791548709385e-05, 5.7345667300978675e-05, 5.06660362589173e-05, 0.00018332457693759352, 5.427332143881358e-05, 5.890896136406809e-05, 7.716176332905889e-05, 5.77869031985756e-05, 0.000254106184002012, 5.639437586069107e-05, 4.9808990297606215e-05, 4.9424739700043574e-05, 5.268043605610728e-05, 4.736392293125391e-05, 4.825790165341459e-05, 4.80540438729804e-05, 5.333149601938203e-05, 5.3668220061808825e-05, 5.616429916699417e-05, 5.8163281209999695e-05, 8.073496428551152e-05, 6.831951759522781e-05, 5.666539436788298e-05, 5.7203989854315296e-05, 6.283265975071117e-05, 5.02140901517123e-05, 4.763074321090244e-05, 4.774145418195985e-05, 0.0004304957401473075, 0.00012170249101473019, 4.8197944124694914e-05, 4.8670746764400974e-05, 4.727920168079436e-05, 4.917330079479143e-05, 4.672619252232835e-05, 4.742042801808566e-05, 4.820622052648105e-05, 5.859098018845543e-05, 5.0048463890561834e-05, 4.684603482019156e-05, 4.7334382543340325e-05, 4.6683551772730425e-05, 5.484334906213917e-05, 5.207332651480101e-05, 4.9116766604129225e-05, 4.9952806875808164e-05, 0.0016204065177589655, 7.049933628877625e-05, 5.017321018385701e-05, 5.921251795371063e-05, 4.8199417506111786e-05, 4.841954432777129e-05, 5.1737977628363296e-05, 4.821374750463292e-05, 4.732661909656599e-05, 4.707865446107462e-05, 4.774390981765464e-05, 4.766578058479354e-05, 4.6849785576341674e-05, 4.6583165385527536e-05, 4.672890645451844e-05, 6.0700072936015204e-05, 4.723983147414401e-05, 4.955758049618453e-05, 4.842014459427446e-05, 4.7108009312069044e-05, 4.68737052869983e-05, 5.6958175264298916e-05, 9.972366387955844e-05, 5.764904562965967e-05, 5.28743039467372e-05, 4.8117963160621e-05, 5.305653758114204e-05, 7.100812945282087e-05, 5.513790529221296e-05],